Key;English;French;German;Polish;Spanish;Italian;Swedish;Czech;Hungarian;Dutch;Portuguese;Russian;Finnish;
FLA_colonial_company;The Free State of Antwerp;;;;;;;;;;;;;
LIB_colonial_company;Dominion of Liberia;;;;;;;;;;;;;
LIB_colonial_company_2;Libéria;;;;;;;;;;;;;
LIB_colonial_company_3;Liberien;;;;;;;;;;;;;
SXI_colonial_company;Shaan-Gan;;;;;;;;;;;;;
SXI_colonial_company_4;Jinbei;;;;;;;;;;;;;
RGA_colonial_company;Eyalet-i Cezâyir-i Garp;;;;;;;;;;;;;
RGA_colonial_company_2;Algérie;;;;;;;;;;;;;
RGA_colonial_company_3;Algerien;;;;;;;;;;;;;
RGA_colonial_company_4;Argelia;;;;;;;;;;;;;
WES_colonial_company;Westfalen;;;;;;;;;;;;;
RHI_colonial_company;Rheinland;;;;;;;;;;;;;
MOR_colonial_company;Morocco;;;;;;;;;;;;;
MOR_colonial_company_2;Protectorat du Maroc;;;;;;;;;;;;;
MOR_colonial_company_3;Protektorat Marokko;;;;;;;;;;;;;
MOR_colonial_company_4;Protectorado de Marruecos;;;;;;;;;;;;;
TRE_colonial_company;Freistadt Triest;;;;;;;;;;;;;
YEM_colonial_company;The Aden Protectorate;;;;;;;;;;;;;
YEM_colonial_company_2;Protectorat d'Arabie du Sud;;;;;;;;;;;;;
YEM_colonial_company_3;Protektorat Jemen;;;;;;;;;;;;;
MRU_colonial_company;The Maritime Dominion;;;;;;;;;;;;;
BOS_colonial_company;Bosnien-Herzegowina;;;;;;;;;;;;;
BOS_colonial_company_4;Protettorato della Bosnia;;;;;;;;;;;;;
CRO_colonial_company_4;Principato di Croazia;;;;;;;;;;;;;
MLI_colonial_company;Mali;;;;;;;;;;;;;
MLI_colonial_company_2;Soudan;;;;;;;;;;;;;
MLI_colonial_company_3;Mali;;;;;;;;;;;;;
MLI_colonial_company_4;Malí;;;;;;;;;;;;;
BUN_colonial_company;The Central India Agency;;;;;;;;;;;;;
BLC_colonial_company;The Baluchistan Agency;;;;;;;;;;;;;
BLC_colonial_company_2;Balouchistan;;;;;;;;;;;;;
MEW_colonial_company;The Rajputana Agency;;;;;;;;;;;;;
SLS_colonial_company;Schlesien;;;;;;;;;;;;;
DZG_colonial_company;Westpreußen;;;;;;;;;;;;;
POL_colonial_company;Congress Poland;;;;;;;;;;;;;
BOH_colonial_company;Protektorat Böhmen-Mähren;;;;;;;;;;;;;
SCH_colonial_company;Slesvig;;;;;;;;;;;;;
HOL_colonial_company;Holsten;;;;;;;;;;;;;
SWH_colonial_company;Slesvig-Holsten;;;;;;;;;;;;;
MLW_colonial_company;Nyasaland;;;;;;;;;;;;;
MLW_colonial_company_2;Nyassa;;;;;;;;;;;;;
MLW_colonial_company_3;Maraviland;;;;;;;;;;;;;
MLW_colonial_company_4;Niassalândia;;;;;;;;;;;;;
NAL_colonial_company;Natal;;;;;;;;;;;;;
NAL_colonial_company_2;Natal;;;;;;;;;;;;;
NAL_colonial_company_3;Pietmaritzland;;;;;;;;;;;;;
MUG_colonial_company;Dominion of India;;;;;;;;;;;;;
NEW_colonial_company;The Newfoundland Colony;;;;;;;;;;;;;
NEW_colonial_company_2;Terre-Neuve;;;;;;;;;;;;;
NEW_colonial_company_3;Vinland;;;;;;;;;;;;;
AST_colonial_company;Dominion of Australia;;;;;;;;;;;;;
AST_colonial_company_2;Dominion de Nouvelle-Hollande;;;;;;;;;;;;;
AST_colonial_company_3;Schutzgebiet Neuholland;;;;;;;;;;;;;
AST_colonial_company_4;Goshu;;;;;;;;;;;;;
NZL_colonial_company;Dominion of New Zealand;;;;;;;;;;;;;
NZL_colonial_company_2;Dominion de Nouvelle-Zélande;;;;;;;;;;;;;
NZL_colonial_company_3;Schutzgebiet Neuseeland;;;;;;;;;;;;;
NZL_colonial_company_4;Shinsairan;;;;;;;;;;;;;
CAN_colonial_company;Dominion of Canada;;;;;;;;;;;;;
CAN_colonial_company_3;Schutzgebiet Kanada;;;;;;;;;;;;;
CAN_colonial_company_4;Kanady Namestnichestvo;;;;;;;;;;;;;
VTU_colonial_company;New Hebrides;;;;;;;;;;;;;
VTU_colonial_company_2;Nouvelles-Hébrides;;;;;;;;;;;;;
VTU_colonial_company_3;Neue Hebriden;;;;;;;;;;;;;
VTU_colonial_company_4;Kawanazu;;;;;;;;;;;;;
BEL_colonial_company;Flandern-Wallonien;;;;;;;;;;;;;
MSK_colonial_company;Reserva Mosquitia;;;;;;;;;;;;;
BLZ_colonial_company;British Honduras;;;;;;;;;;;;;
MGL_colonial_company;Wai Menggu;;;;;;;;;;;;;
MGL_colonial_company_3;Gaimoko;;;;;;;;;;;;;
ALS_colonial_company;Elsass-Lothringen;;;;;;;;;;;;;
MCK_colonial_company;Dong Sansheng;;;;;;;;;;;;;
MCK_colonial_company_ADJ;Qing;;;;;;;;;;;;;
MCK_colonial_company_3;Manshukoku;;;;;;;;;;;;;
MCK_colonial_company_4;Zheltorossiya;;;;;;;;;;;;;
XIN_colonial_company_ADJ;Qing;;;;;;;;;;;;;
TST_colonial_company;Südtirol;;;;;;;;;;;;;
LOM_colonial_company;Lombardo-Venetien;;;;;;;;;;;;;
HDJ_colonial_company;The Sharifate of Mecca;;;;;;;;;;;;;
HDJ_colonial_company_2;The Sharifate of Mecca;;;;;;;;;;;;;
BAN_colonial_company;Freistaat Banat;;;;;;;;;;;;;
SIE_colonial_company;Siebenburgen;;;;;;;;;;;;;
SIE_colonial_company_ADJ;Siebenbürger;;;;;;;;;;;;;
TRI_colonial_company;Libya;;;;;;;;;;;;;
TRI_colonial_company_2;Libye;;;;;;;;;;;;;
TRI_colonial_company_3;Libyen;;;;;;;;;;;;;
TRI_colonial_company_4;Protettorato della Libia;;;;;;;;;;;;;
SIC_colonial_company_3;Reino de Sicilia;;;;;;;;;;;;;
SIC_colonial_company_4;Nàpols i Sicília;;;;;;;;;;;;;
ETH_colonial_company;Kingdom of Ethiopia;;;;;;;;;;;;;
ETH_colonial_company_2;Protectorat d'Abyssinie;;;;;;;;;;;;;
ETH_colonial_company_3;Abessinien;;;;;;;;;;;;;
ETH_colonial_company_4;Regno d'Etiopia;;;;;;;;;;;;;
IVC_colonial_company;Ivory Coast;;;;;;;;;;;;;
IVC_colonial_company_2;Côte d'Ivoire;;;;;;;;;;;;;
IVC_colonial_company_3;Elfenbeinküste;;;;;;;;;;;;;
CAR_colonial_company;Central Africa;;;;;;;;;;;;;
CAR_colonial_company_2;Oubangui-Chari;;;;;;;;;;;;;
CAR_colonial_company_3;Zentralafrika;;;;;;;;;;;;;
VLK_colonial_company;Zuidafrika;;;;;;;;;;;;;
KOR_colonial_company;Protectorate of Korea;;;;;;;;;;;;;
KOR_colonial_company_2;Protectorat de Corée;;;;;;;;;;;;;
KOR_colonial_company_3;Chosen Tokanfu;;;;;;;;;;;;;
KOR_colonial_company_4;Provintsiya Choson;;;;;;;;;;;;;
SAF_colonial_company;The Cape Colony;;;;;;;;;;;;;
SAF_colonial_company_2;Afrique du Sud;;;;;;;;;;;;;
SAF_colonial_company_3;Südafrika;;;;;;;;;;;;;
SAF_colonial_company_4;Kaapkolonie;;;;;;;;;;;;;
MAD_colonial_company;Royal Merina Company;;;;;;;;;;;;;
MAD_colonial_company_2;Protectorat de Madagascar;;;;;;;;;;;;;
MAD_colonial_company_3;Madagaskar;;;;;;;;;;;;;
MAD_colonial_company_4;São Lourenço;;;;;;;;;;;;;
KNY_colonial_company;Dominion of East Africa;;;;;;;;;;;;;
KNY_colonial_company_2;Afrique Orientale;;;;;;;;;;;;;
KNY_colonial_company_3;Kenia;;;;;;;;;;;;;
KNY_colonial_company_4;Chenia;;;;;;;;;;;;;
NGR_colonial_company;Dominion of West Africa;;;;;;;;;;;;;
NGR_colonial_company_2;Niger;;;;;;;;;;;;;
NGR_colonial_company_3;Unternigerien;;;;;;;;;;;;;
NGR_colonial_company_4;Nigeria;;;;;;;;;;;;;
IRE_colonial_company;The Irish Dominion;;;;;;;;;;;;;
UBD_colonial_company;Liflyandskaya Guberniya;;;;;;;;;;;;;
UBD_colonial_company_ADJ;Livonian;;;;;;;;;;;;;
UBD_colonial_company_3;Storhertigdömet Livland;;;;;;;;;;;;;
LAT_colonial_company;Kurlyandskaya Guberniya;;;;;;;;;;;;;
LAT_colonial_company_3;Hertigdömet Lettland;;;;;;;;;;;;;
LAT_colonial_company_ADJ;Curonian;;;;;;;;;;;;;
LIT_colonial_company_3;Furstendömet Litauen;;;;;;;;;;;;;
EST_colonial_company;Estlyandskaya Guberniya;;;;;;;;;;;;;
EST_colonial_company_3;Hertigdömet Estland;;;;;;;;;;;;;
TCA_colonial_company;Kavkazskoye Namestnichestvo;;;;;;;;;;;;;
LSK_colonial_company;Dominion of Alaska;;;;;;;;;;;;;
LSK_colonial_company_3;Sankaido;;;;;;;;;;;;;
LSK_colonial_company_4;Alyaska;;;;;;;;;;;;;
MOZ_colonial_company;Mozambique;;;;;;;;;;;;;
MOZ_colonial_company_2;Mozambique;;;;;;;;;;;;;
MOZ_colonial_company_3;Mosambik;;;;;;;;;;;;;
MOZ_colonial_company_4;Moçambique;;;;;;;;;;;;;
CMR_colonial_company;Cameroon;;;;;;;;;;;;;
CMR_colonial_company_2;Cameroun;;;;;;;;;;;;;
CMR_colonial_company_3;Kamerun;;;;;;;;;;;;;
CMR_colonial_company_4;Guinea Oriental;;;;;;;;;;;;;
ALD_colonial_company;Algeria;;;;;;;;;;;;;
ALD_colonial_company_2;Algérie;;;;;;;;;;;;;
ALD_colonial_company_3;Algerien;;;;;;;;;;;;;
ALD_colonial_company_4;Argelia;;;;;;;;;;;;;
NMB_colonial_company;South West Africa;;;;;;;;;;;;;
NMB_colonial_company_2;Sud-Ouest Africain;;;;;;;;;;;;;
NMB_colonial_company_3;Sudwestafrika;;;;;;;;;;;;;
NMB_colonial_company_4;Estado de Coissã;;;;;;;;;;;;;
SMO_colonial_company;Western Samoa;;;;;;;;;;;;;
SMO_colonial_company_2;Samoa;;;;;;;;;;;;;
SMO_colonial_company_3;Samoa Inseln;;;;;;;;;;;;;
SMO_colonial_company_4;Samoa-To;;;;;;;;;;;;;
TNZ_colonial_company;Tanganyika Territory;;;;;;;;;;;;;
TNZ_colonial_company_2;Protectorat du Tanganyika;;;;;;;;;;;;;
TNZ_colonial_company_3;Ostafrika;;;;;;;;;;;;;
UCA_colonial_company;Virreinato de Nueva Espana;;;;;;;;;;;;;
MEE_colonial_company_4;Virreinato de Nueva Espana;;;;;;;;;;;;;
YUC_colonial_company_4;Capitania General de Yucatán;;;;;;;;;;;;;
VNZ_colonial_company_4;Capitania General de Venezuela;;;;;;;;;;;;;
UCA_colonial_company_4;Capitania General de Guatemala;;;;;;;;;;;;;
CHL_colonial_company_4;Capitania General de Chile;;;;;;;;;;;;;
VNG_colonial_company;Virreinato de la Nueva Granada;;;;;;;;;;;;;
GCO_colonial_company_4;Virreinato de la Nueva Granada;;;;;;;;;;;;;
LPL_colonial_company_4;Virreinato del Rio de la Plata;;;;;;;;;;;;;
PBC_colonial_company_4;Virreinato del Peru;;;;;;;;;;;;;
IMG_colonial_company;Nei Zhashake;;;;;;;;;;;;;
IMG_colonial_company_3;Mokogoku;;;;;;;;;;;;;
MIT_colonial_company;Freistaat Mittelafrika;;;;;;;;;;;;;
CPV_colonial_company;Cape Verde Territory;;;;;;;;;;;;;
CPV_colonial_company_2;Cap-Vert;;;;;;;;;;;;;
CPV_colonial_company_3;Grüne Kap;;;;;;;;;;;;;
CPV_colonial_company_4;Cabo Verde;;;;;;;;;;;;;
WSA_colonial_company;West Saharan Crown Dependency;;;;;;;;;;;;;
WSA_colonial_company_2;Sahara Occidental;;;;;;;;;;;;;
WSA_colonial_company_3;Westsahara;;;;;;;;;;;;;
WSA_colonial_company_4;Posesiones en el Sahara;;;;;;;;;;;;;
TUN_colonial_company;Tunisia;;;;;;;;;;;;;
TUN_colonial_company_2;Tunisie;;;;;;;;;;;;;
TUN_colonial_company_3;Tunesien;;;;;;;;;;;;;
TUN_colonial_company_4;Protettorato di Tunisia;;;;;;;;;;;;;
TRZ_colonial_company;Mauritania;;;;;;;;;;;;;
TRZ_colonial_company_2;Mauritanie;;;;;;;;;;;;;
TRZ_colonial_company_3;Mauretanien;;;;;;;;;;;;;
TRZ_colonial_company_4;Mauritania;;;;;;;;;;;;;
SNG_colonial_company;Protectorate of Senegal;;;;;;;;;;;;;
SNG_colonial_company_2;Colonie du Sénégal;;;;;;;;;;;;;
SNG_colonial_company_3;Senegal;;;;;;;;;;;;;
SNG_colonial_company_4;Senegal;;;;;;;;;;;;;
GMB_colonial_company;Gambia;;;;;;;;;;;;;
GMB_colonial_company_2;Gambie;;;;;;;;;;;;;
GMB_colonial_company_3;Gambien;;;;;;;;;;;;;
GMB_colonial_company_4;Rio de Gambia;;;;;;;;;;;;;
GBU_colonial_company;Colony of Bolama;;;;;;;;;;;;;
GBU_colonial_company_2;Guinée-Bissao;;;;;;;;;;;;;
GBU_colonial_company_3;Bissau;;;;;;;;;;;;;
GBU_colonial_company_4;Guiné-Bissau;;;;;;;;;;;;;
SLE_colonial_company;Sierra Leone;;;;;;;;;;;;;
SLE_colonial_company_2;Côte du Poivre;;;;;;;;;;;;;
SLE_colonial_company_3;Protektorat Löwenberg;;;;;;;;;;;;;
SLE_colonial_company_4;Serra Leoa;;;;;;;;;;;;;
GNE_colonial_company;Guinea;;;;;;;;;;;;;
GNE_colonial_company_2;Guinée;;;;;;;;;;;;;
GNE_colonial_company_3;Guinea;;;;;;;;;;;;;
GNE_colonial_company_4;Guiné;;;;;;;;;;;;;
BKF_colonial_company;Mossiland;;;;;;;;;;;;;
BKF_colonial_company_2;Haute-Volta;;;;;;;;;;;;;
BKF_colonial_company_3;Obervolta;;;;;;;;;;;;;
GHN_colonial_company;Gold Coast;;;;;;;;;;;;;
GHN_colonial_company_2;Côte de l'Or;;;;;;;;;;;;;
GHN_colonial_company_3;Ghana-Goldküste;;;;;;;;;;;;;
GHN_colonial_company_4;Goudkust;;;;;;;;;;;;;
TOG_colonial_company;Togoland;;;;;;;;;;;;;
TOG_colonial_company_2;Togo;;;;;;;;;;;;;
TOG_colonial_company_3;Togoland;;;;;;;;;;;;;
TOG_colonial_company_4;Kolonie Togo;;;;;;;;;;;;;
DAH_colonial_company;Newport;;;;;;;;;;;;;
DAH_colonial_company_2;Dahomey;;;;;;;;;;;;;
DAH_colonial_company_3;Dahome;;;;;;;;;;;;;
DAH_colonial_company_4;Daomé;;;;;;;;;;;;;
NIG_colonial_company;Hausaland Company;;;;;;;;;;;;;
NIG_colonial_company_2;Haut-Niger;;;;;;;;;;;;;
NIG_colonial_company_3;Obernigerien;;;;;;;;;;;;;
CHD_colonial_company;Chad;;;;;;;;;;;;;
CHD_colonial_company_2;Tchad;;;;;;;;;;;;;
CHD_colonial_company_3;Protektorat Tschad;;;;;;;;;;;;;
EQG_colonial_company;Equatorial Guinea;;;;;;;;;;;;;
EQG_colonial_company_2;Guinée Équatoriale;;;;;;;;;;;;;
EQG_colonial_company_3;Äquatorialguinea;;;;;;;;;;;;;
EQG_colonial_company_4;Territorio Nacional de Guinea;;;;;;;;;;;;;
CNG_colonial_company;The Congo Free State;;;;;;;;;;;;;
CNG_colonial_company_ADJ;Congolese;;;;;;;;;;;;;
CNG_colonial_company_2;Grand-Congo;;;;;;;;;;;;;
CNG_colonial_company_2_ADJ;Congolais;;;;;;;;;;;;;
CNG_colonial_company_3;Freistaat Kongo;;;;;;;;;;;;;
CNG_colonial_company_3_ADJ;Kongolesisch;;;;;;;;;;;;;
CNG_colonial_company_4;État indépendant du Congo;;;;;;;;;;;;;
CNG_colonial_company_4_ADJ;Congolais;;;;;;;;;;;;;
TPT_colonial_company;Kivu;;;;;;;;;;;;;
TPT_colonial_company_2;Protectorat de Kivu;;;;;;;;;;;;;
TPT_colonial_company_3;Protektorat Kivu;;;;;;;;;;;;;
TPT_colonial_company_4;Quivu;;;;;;;;;;;;;
BRD_colonial_company;Burundi;;;;;;;;;;;;;
BRD_colonial_company_2;Urundi;;;;;;;;;;;;;
BRD_colonial_company_3;Burundi;;;;;;;;;;;;;
BRD_colonial_company_4;Urundi;;;;;;;;;;;;;
RWA_colonial_company;Rwanda;;;;;;;;;;;;;
RWA_colonial_company_2;Ruanda;;;;;;;;;;;;;
RWA_colonial_company_3;Ruanda;;;;;;;;;;;;;
RWA_colonial_company_4;Ruanda;;;;;;;;;;;;;
CRE_colonial_company;Crete;;;;;;;;;;;;;
CRE_colonial_company_2;Crète;;;;;;;;;;;;;
CRE_colonial_company_3;Kreta;;;;;;;;;;;;;
CRE_colonial_company_4;Creta;;;;;;;;;;;;;
CYP_colonial_company;Cyprus;;;;;;;;;;;;;
CYP_colonial_company_2;Chypre;;;;;;;;;;;;;
CYP_colonial_company_3;Zypern;;;;;;;;;;;;;
CYP_colonial_company_4;Cipro;;;;;;;;;;;;;
EGY_colonial_company;Sultanate of Egypt;;;;;;;;;;;;;
EGY_colonial_company_2;Protectorat d'Égypte;;;;;;;;;;;;;
EGY_colonial_company_3;Schutzgebiet Ägypten;;;;;;;;;;;;;
EGY_colonial_company_4;Regno d'Egitto;;;;;;;;;;;;;
SUD_colonial_company;Sudan;;;;;;;;;;;;;
SUD_colonial_company_2;Protectorat de Nubie;;;;;;;;;;;;;
SUD_colonial_company_3;Schutzgebiet Nubien;;;;;;;;;;;;;
SUD_colonial_company_4;Sudan;;;;;;;;;;;;;
ANG_colonial_company;Angola;;;;;;;;;;;;;
ANG_colonial_company_2;Angola;;;;;;;;;;;;;
ANG_colonial_company_3;Westafrika;;;;;;;;;;;;;
ANG_colonial_company_4;África Occidental;;;;;;;;;;;;;
SRD_colonial_company;Sardinia;;;;;;;;;;;;;
SRD_colonial_company_2;Sardaigne;;;;;;;;;;;;;
SRD_colonial_company_3;Sardinien;;;;;;;;;;;;;
SRD_colonial_company_4;Cerdeña;;;;;;;;;;;;;
SYC_colonial_company;Sicily;;;;;;;;;;;;;
SYC_colonial_company_2;Sicile;;;;;;;;;;;;;
SYC_colonial_company_3;Sizilien;;;;;;;;;;;;;
SYC_colonial_company_4;Sicilia;;;;;;;;;;;;;
LBN_colonial_company;Sidan and Tripoli;;;;;;;;;;;;;
LBN_colonial_company_2;Grand Liban;;;;;;;;;;;;;
LBN_colonial_company_3;Libanon;;;;;;;;;;;;;
DAR_colonial_company;Sultanate of Darfur;;;;;;;;;;;;;
DAR_colonial_company_2;Darfour;;;;;;;;;;;;;
DAR_colonial_company_3;Darfur;;;;;;;;;;;;;
DAR_colonial_company_4;Darfur;;;;;;;;;;;;;
IRQ_colonial_company;Mesopotamia;;;;;;;;;;;;;
IRQ_colonial_company_2;Fédération Mésopotamienne;;;;;;;;;;;;;
IRQ_colonial_company_3;Schutzgebiet Irak;;;;;;;;;;;;;
IRQ_colonial_company;Jazira;;;;;;;;;;;;;
IRQ_colonial_company_2;Fédération Jazirenne;;;;;;;;;;;;;
IRQ_colonial_company_3;Schutzgebiet Jazira;;;;;;;;;;;;;
KWT_colonial_company;The Sheikhdom of Kuwait;;;;;;;;;;;;;
KWT_colonial_company_2;Koweït;;;;;;;;;;;;;
KWT_colonial_company_3;Kuweït;;;;;;;;;;;;;
TIG_colonial_company;Erythraea;;;;;;;;;;;;;
TIG_colonial_company_2;Érythrée;;;;;;;;;;;;;
TIG_colonial_company_3;Eritreia;;;;;;;;;;;;;
TIG_colonial_company_4;Colonia Eritrea;;;;;;;;;;;;;
AWS_colonial_company;Jibuti;;;;;;;;;;;;;
AWS_colonial_company_2;Côte des Somalis;;;;;;;;;;;;;
AWS_colonial_company_3;Dschibuti;;;;;;;;;;;;;
AWS_colonial_company_4;Sagallo;;;;;;;;;;;;;
WRL_colonial_company;Somaliland Protectorate;;;;;;;;;;;;;
WRL_colonial_company_2;Côte d'Adel;;;;;;;;;;;;;
WRL_colonial_company_3;Somaliküste;;;;;;;;;;;;;
WRL_colonial_company_4;Somalia Settentrionale;;;;;;;;;;;;;
SOM_colonial_company;Somalia;;;;;;;;;;;;;
SOM_colonial_company_2;Somalie;;;;;;;;;;;;;
SOM_colonial_company_3;Somalien;;;;;;;;;;;;;
SOM_colonial_company_4;Somalia;;;;;;;;;;;;;
CMS_colonial_company;Comoros;;;;;;;;;;;;;
CMS_colonial_company_2;Territoire des Comores;;;;;;;;;;;;;
CMS_colonial_company_3;Komoros;;;;;;;;;;;;;
MZR_colonial_company;Protectorate of Zanzibar;;;;;;;;;;;;;
MZR_colonial_company_2;Zanzibar;;;;;;;;;;;;;
MZR_colonial_company_3;Sansibar;;;;;;;;;;;;;
MZR_colonial_company_4;Mombasa;;;;;;;;;;;;;
CRS_colonial_company;Kingdom of Corsica;;;;;;;;;;;;;
CRS_colonial_company_2;Corse;;;;;;;;;;;;;
CRS_colonial_company_3;Korsika;;;;;;;;;;;;;
CRS_colonial_company_4;Córcega;;;;;;;;;;;;;
TSW_colonial_company;Bechuanaland Protectorate;;;;;;;;;;;;;
TSW_colonial_company_2;Territoire du Béchouana;;;;;;;;;;;;;
TSW_colonial_company_3;Batschuanaland;;;;;;;;;;;;;
ZBW_colonial_company;Southern Rhodesia;;;;;;;;;;;;;
ZBW_colonial_company_2;Matabésie;;;;;;;;;;;;;
ZBW_colonial_company_3;Sambesia;;;;;;;;;;;;;
ZBW_colonial_company_4;Matabeles;;;;;;;;;;;;;
SUA_colonial_company;Swaziland;;;;;;;;;;;;;
SUA_colonial_company_2;Souazilande;;;;;;;;;;;;;
SUA_colonial_company_3;Schwaziland;;;;;;;;;;;;;
SRI_colonial_company;Ceylon;;;;;;;;;;;;;
SRI_colonial_company_2;Colonie du Ceylan;;;;;;;;;;;;;
SRI_colonial_company_3;Srilankische Verwaltung;;;;;;;;;;;;;
SRI_colonial_company_4;Ceylon Kolonie;;;;;;;;;;;;;
QAT_colonial_company;Protectorate of Qatar;;;;;;;;;;;;;
QAT_colonial_company_2;Qatarr;;;;;;;;;;;;;
QAT_colonial_company_3;Katar;;;;;;;;;;;;;
BUR_colonial_company;Burma;;;;;;;;;;;;;
BUR_colonial_company_2;Birmanie;;;;;;;;;;;;;
BUR_colonial_company_3;Birma;;;;;;;;;;;;;
BUR_colonial_company_4;Birumasho;;;;;;;;;;;;;
CAM_colonial_company;Protectorate of Cambodia;;;;;;;;;;;;;
CAM_colonial_company_2;Cambodge;;;;;;;;;;;;;
CAM_colonial_company_3;Campuchea;;;;;;;;;;;;;
CAM_colonial_company_4;Kanhosai Okoku;;;;;;;;;;;;;
LUA_colonial_company;Protectorate of Lao;;;;;;;;;;;;;
LUA_colonial_company_2;Laos;;;;;;;;;;;;;
LUA_colonial_company_3;Lao;;;;;;;;;;;;;
LUA_colonial_company_4;Raosho;;;;;;;;;;;;;
IDC_colonial_company;Indochina;;;;;;;;;;;;;
IDC_colonial_company_ADJ;Indochinese;;;;;;;;;;;;;
IDC_colonial_company_2;Indochine;;;;;;;;;;;;;
IDC_colonial_company_2_ADJ;Indochinois;;;;;;;;;;;;;
IDC_colonial_company_3;Hinterindien;;;;;;;;;;;;;
IDC_colonial_company_3_ADJ;Hinterindisch;;;;;;;;;;;;;
IDC_colonial_company_4;Indoshina Hogoryo;;;;;;;;;;;;;
AMA_colonial_company;Guiana;;;;;;;;;;;;;
AMA_colonial_company_ADJ;Guianese;;;;;;;;;;;;;
PRI_colonial_company;Port Rich;;;;;;;;;;;;;
PRI_colonial_company_4;Puerto Rico;;;;;;;;;;;;;
NEN_colonial_company;Dominion of New England;;;;;;;;;;;;;
NEN_colonial_company_2;Dominion de l'Acadie du Sud;;;;;;;;;;;;;
NEN_colonial_company_3;Vereinigte Kolonien von Neuengland;;;;;;;;;;;;;
NEN_colonial_company_4;Confederatie van Nieuw Engeland;;;;;;;;;;;;;
FJN_colonial_company;The Fujian Concession;;;;;;;;;;;;;
FJN_colonial_company_2;Concession de Fujian;;;;;;;;;;;;;
FJN_colonial_company_3;Fujian-Konzession;;;;;;;;;;;;;
FJN_colonial_company_4;Fukkensho;;;;;;;;;;;;;
FRO_colonial_company;Dominion of the Faroe Islands;;;;;;;;;;;;;
FRO_colonial_company_2;Territoire des Îles Féroé;;;;;;;;;;;;;
TKS_colonial_company;Federation of Central Asia;;;;;;;;;;;;;
POR_colonial_company_3;Virreinato de Portugal;;;;;;;;;;;;;
POR_colonial_company_4;Portugal;;;;;;;;;;;;;
ULA_colonial_company;Dominion of Louisiana;;;;;;;;;;;;;
ULA_colonial_company_2;Dominion de Louisiane;;;;;;;;;;;;;
ULA_colonial_company_3;Ludwigsland;;;;;;;;;;;;;
ULA_colonial_company_4;Luisiana;;;;;;;;;;;;;
BHR_colonial_company;Protectorate of Bahrain;;;;;;;;;;;;;
AFG_colonial_company;Emirate of Afghanistan;;;;;;;;;;;;;
AFG_colonial_company_4;Protektorat Afganistana;;;;;;;;;;;;;
HND_colonial_company;The Raj;;;;;;;;;;;;;
HND_colonial_company_2;Inde;;;;;;;;;;;;;
HND_colonial_company_3;Indien;;;;;;;;;;;;;
HND_colonial_company_4;Indokoku;;;;;;;;;;;;;
EIC_colonial_company;The East India Company;;;;;;;;;;;;;
EIC_colonial_company_2;Compagnie des Indes Orientales;;;;;;;;;;;;;
EIC_colonial_company_3;Ostindische Kompanie;;;;;;;;;;;;;
EIC_colonial_company_4;Zuid-Indische Compagnie;;;;;;;;;;;;;
TMR_colonial_company;East Timor;;;;;;;;;;;;;
TMR_colonial_company_4;Timor-Leste;;;;;;;;;;;;;
HAW_colonial_company;Protectorate of the Sandwich Islands;;;;;;;;;;;;;
HAW_colonial_company_2;Îles du Feu;;;;;;;;;;;;;
HAW_colonial_company_3;Kolonie Hawaii;;;;;;;;;;;;;
HAW_colonial_company_4;Hawai-To;;;;;;;;;;;;;
RIG_colonial_company_2;Guyane;;;;;;;;;;;;;
PTG_colonial_company;Dominion of New Wales;;;;;;;;;;;;;
PTG_colonial_company_2;Nouvelle France;;;;;;;;;;;;;
PTG_colonial_company_4;Grão-Ducado da Patagônia;;;;;;;;;;;;;
HAI_colonial_company;Saint Dominic;;;;;;;;;;;;;
HAI_colonial_company_2;Saint-Domingue;;;;;;;;;;;;;
HAI_colonial_company_4;Haití;;;;;;;;;;;;;
QUE_colonial_company;Province of Quebec;;;;;;;;;;;;;
QUE_colonial_company_2;Québec;;;;;;;;;;;;;
RPL_colonial_company;Hudsons' Bay Company;;;;;;;;;;;;;
COL_colonial_company;District of Columbia;;;;;;;;;;;;;
COL_colonial_company_3;Koronbia Chiiki;;;;;;;;;;;;;
COL_colonial_company_4;Provintsiya Kolumbiya;;;;;;;;;;;;;
TEX_colonial_company;Dominion of Texas;;;;;;;;;;;;;
TEX_colonial_company_2;Colonie du Texas;;;;;;;;;;;;;
TEX_colonial_company_3;Schutzgebiet Texas;;;;;;;;;;;;;
TEX_colonial_company_4;Provincia de Tejas;;;;;;;;;;;;;
ICL_colonial_company;Dominion of Iceland;;;;;;;;;;;;;
ICL_colonial_company_2;Territoire d'Islande;;;;;;;;;;;;;
ICL_colonial_company_3;Königreich Island;;;;;;;;;;;;;
ICL_colonial_company_4;Konungariket Island;;;;;;;;;;;;;
CAL_colonial_company;Dominion of California;;;;;;;;;;;;;
CAL_colonial_company_2;Dominion de Californie;;;;;;;;;;;;;
CAL_colonial_company_3;Kashu;;;;;;;;;;;;;
CAL_colonial_company_4;Koloniya Ross;;;;;;;;;;;;;
GRN_colonial_company;Arctic Territories;;;;;;;;;;;;;
GRN_colonial_company_2;Grønland;;;;;;;;;;;;;
MAN_colonial_company;The Dominion of New York;;;;;;;;;;;;;
MAN_colonial_company_4;Nieuw-Nederland;;;;;;;;;;;;;
USA_colonial_company;United Colonies;;;;;;;;;;;;;
FSA_colonial_company;Great Lakes Territory;;;;;;;;;;;;;
CSA_colonial_company;Confederacy of American Provinces;;;;;;;;;;;;;
NET_colonial_company_4;Herzogtum der Niederlande;;;;;;;;;;;;;
OCC_colonial_company;Dominion of Occitania;;;;;;;;;;;;;
BRT_colonial_company;Dominion of Brittany;;;;;;;;;;;;;
TIB_colonial_company_3;Seizogoku;;;;;;;;;;;;;
YNN_colonial_company_3;Keishukoku;;;;;;;;;;;;;
CHI_colonial_company_3;Chukagoku;;;;;;;;;;;;;
GAB_colonial_company;Gabon;;;;;;;;;;;;;
GAB_colonial_company_2;Gabon;;;;;;;;;;;;;
GAB_colonial_company_3;Komofluss;;;;;;;;;;;;;
GAB_colonial_company_4;Gabón;;;;;;;;;;;;;
LOA_colonial_company;Congo-Brazzaville;;;;;;;;;;;;;
LOA_colonial_company_2;Moyen-Congo;;;;;;;;;;;;;
LOA_colonial_company_3;Kongo-Brazzastadt;;;;;;;;;;;;;
LOA_colonial_company_4;Zaire;;;;;;;;;;;;;
BUG_colonial_company;Uganda Protectorate;;;;;;;;;;;;;
BUG_colonial_company_2;Protectorat de l'Ouganda;;;;;;;;;;;;;
BUG_colonial_company_3;Uganda;;;;;;;;;;;;;
STP_colonial_company;São Tomé and Príncipe;;;;;;;;;;;;;
STP_colonial_company_2;São Tomé et Príncipe;;;;;;;;;;;;;
STP_colonial_company_3;Sankt Thomas;;;;;;;;;;;;;
STP_colonial_company_4;São Tomé e Príncipe;;;;;;;;;;;;;
MLT_colonial_company;Malta;;;;;;;;;;;;;
MLT_colonial_company_2;Malte;;;;;;;;;;;;;
MLT_colonial_company_3;Malta;;;;;;;;;;;;;
MLT_colonial_company_4;Malta;;;;;;;;;;;;;
PLS_colonial_company;Mandatory Palestine;;;;;;;;;;;;;
PLS_colonial_company_2;État de Jérusalem;;;;;;;;;;;;;
PLS_colonial_company_3;Palästina;;;;;;;;;;;;;
JOR_colonial_company;Transjordan;;;;;;;;;;;;;
JOR_colonial_company_2;Transjourdain;;;;;;;;;;;;;
JOR_colonial_company_3;Anazzah;;;;;;;;;;;;;
ION_colonial_company;United States of the Ionian Islands;;;;;;;;;;;;;
ION_colonial_company_2;République Septinsulaire;;;;;;;;;;;;;
ION_colonial_company_3;Ionische Inseln;;;;;;;;;;;;;
ION_colonial_company_4;Isole Ionie;;;;;;;;;;;;;
SYR_colonial_company;Syria;;;;;;;;;;;;;
SYR_colonial_company_2;Fédération Syrienne;;;;;;;;;;;;;
SYR_colonial_company_3;Syrien;;;;;;;;;;;;;
RUN_colonial_company;Reunion;;;;;;;;;;;;;
RUN_colonial_company_2;Île de la Réunion;;;;;;;;;;;;;
RUN_colonial_company_3;Insel Hohenzollern;;;;;;;;;;;;;
RUN_colonial_company_4;Ilhas Mascarhenhas;;;;;;;;;;;;;
MAU_colonial_company;Mauritius;;;;;;;;;;;;;
MAU_colonial_company_2;Île de France;;;;;;;;;;;;;
MAU_colonial_company_3;Moritz;;;;;;;;;;;;;
SEY_colonial_company;Seychelles;;;;;;;;;;;;;
SEY_colonial_company_2;Îles Seychelles;;;;;;;;;;;;;
SEY_colonial_company_3;Seschellen;;;;;;;;;;;;;
ZAM_colonial_company;Northern Rhodesia;;;;;;;;;;;;;
ZAM_colonial_company_2;Zambèze;;;;;;;;;;;;;
ZAM_colonial_company_3;Sambesiland;;;;;;;;;;;;;
ZAM_colonial_company_4;Barotze;;;;;;;;;;;;;
BSH_colonial_company;Basutoland;;;;;;;;;;;;;
BSH_colonial_company_2;Territoire Sotho;;;;;;;;;;;;;
BSH_colonial_company_3;Basutoland;;;;;;;;;;;;;
TRN_colonial_company;Transvaal;;;;;;;;;;;;;
TRN_colonial_company_2;Transvaal;;;;;;;;;;;;;
TRN_colonial_company_3;Übervaal;;;;;;;;;;;;;
ORA_colonial_company;Transorangia;;;;;;;;;;;;;
ORA_colonial_company_2;Orange;;;;;;;;;;;;;
ORA_colonial_company_3;Orange;;;;;;;;;;;;;
MLD_colonial_company;Maldives Protectorate;;;;;;;;;;;;;
MLD_colonial_company_2;Îles Maldives;;;;;;;;;;;;;
MLD_colonial_company_3;Malediven;;;;;;;;;;;;;
MLD_colonial_company_4;Morujibu-Shoto;;;;;;;;;;;;;
ALB_absolute_empire;The Pashalik of Scutari;;;;;;;;;;;;;
ALB_semi_constitutional_empire;The Pashalik of Scutari;;;;;;;;;;;;;
ALB_constitutional_empire;The Pashalik of Scutari;;;;;;;;;;;;;
ALB_colonial_company;Albania;;;;;;;;;;;;;
ALB_colonial_company_2;Albanie;;;;;;;;;;;;;
ALB_colonial_company_3;Albanien;;;;;;;;;;;;;
ALB_colonial_company_4;Protettorato d'Albania;;;;;;;;;;;;;
NEJ_colonial_company;Protectorate of Nejd;;;;;;;;;;;;;
NYE_colonial_company;North Yemen;;;;;;;;;;;;;
NYE_colonial_company_2;Nord-Yémen;;;;;;;;;;;;;
NYE_colonial_company_3;Nord-Jemen;;;;;;;;;;;;;
SIA_colonial_company;Rattanakosin Protectorate;;;;;;;;;;;;;
SIA_colonial_company_2;Siam;;;;;;;;;;;;;
SIA_colonial_company_3;Freieland;;;;;;;;;;;;;
SIA_colonial_company_4;Shamu Okoku;;;;;;;;;;;;;
DAI_colonial_company;Annam;;;;;;;;;;;;;
DAI_colonial_company_2;Protectorat d'Annam;;;;;;;;;;;;;
DAI_colonial_company_3;Südwiet;;;;;;;;;;;;;
DAI_colonial_company_4;Etsunan;;;;;;;;;;;;;
GUY_colonial_company;Colony of Suriname;;;;;;;;;;;;;
GUY_colonial_company_2;Guyane Occidentale;;;;;;;;;;;;;
GUY_colonial_company_4;Surinaamse Kolonie;;;;;;;;;;;;;
CRB_colonial_company;British Antilles;;;;;;;;;;;;;
CRB_colonial_company_2;Antilles Anglaises;;;;;;;;;;;;;
CRB_colonial_company_3;Britische Antillen;;;;;;;;;;;;;
CRB_colonial_company_4;Antillas Británicas;;;;;;;;;;;;;
MTQ_colonial_company;French Antilles;;;;;;;;;;;;;
MTQ_colonial_company_2;Antilles Françaises;;;;;;;;;;;;;
MTQ_colonial_company_3;Französische Antillen;;;;;;;;;;;;;
MTQ_colonial_company_4;Antillas francesas;;;;;;;;;;;;;
NAN_colonial_company_4;Nederlandse Antillen;;;;;;;;;;;;;
CUB_colonial_company;Dominion of Cuba;;;;;;;;;;;;;
CUB_colonial_company_2;Cuba;;;;;;;;;;;;;
CUB_colonial_company_3;Kuba;;;;;;;;;;;;;
CUB_colonial_company_4;Cuba;;;;;;;;;;;;;
DOM_colonial_company;East Saint Dominic;;;;;;;;;;;;;
DOM_colonial_company_2;Saint-Domingue Orientale;;;;;;;;;;;;;
DOM_colonial_company_4;Santo Domingo;;;;;;;;;;;;;
MEX_colonial_company;Commonwealth of Mexico;;;;;;;;;;;;;
IRE_colonial_company;Irish Free State;;;;;;;;;;;;;
IRE_colonial_company_2;Territoire d'Irlande;;;;;;;;;;;;;
IRE_colonial_company_3;Schutzgebiet Irland;;;;;;;;;;;;;
SCO_colonial_company_2;Écosse;;;;;;;;;;;;;
SCO_colonial_company_3;Schottland;;;;;;;;;;;;;
OMA_colonial_company;Sultanate of Muscat and Oman;;;;;;;;;;;;;
OMA_colonial_company_2;Protectorat d'Oman et de Mascate;;;;;;;;;;;;;
OMA_colonial_company_3;Schutzgebiet Oman;;;;;;;;;;;;;
ABU_colonial_company;Trucial States;;;;;;;;;;;;;
ABU_colonial_company_2;Protectorat du Golfe;;;;;;;;;;;;;
ABU_colonial_company_3;Vertragsoman;;;;;;;;;;;;;
FIJ_colonial_company;Fiji;;;;;;;;;;;;;
FIJ_colonial_company_2;Fidji;;;;;;;;;;;;;
FIJ_colonial_company_3;Fidschi;;;;;;;;;;;;;
FIJ_colonial_company_4;Hisei;;;;;;;;;;;;;
TGA_colonial_company;Kingdom of Tonga;;;;;;;;;;;;;
TGA_colonial_company_2;Tonga;;;;;;;;;;;;;
TGA_colonial_company_3;Freundliche Inseln;;;;;;;;;;;;;
TGA_colonial_company_4;Tonga-Shoto;;;;;;;;;;;;;
TMT_colonial_company;Tahiti;;;;;;;;;;;;;
TMT_colonial_company_2;Polynésie;;;;;;;;;;;;;
TMT_colonial_company_3;Otaheite;;;;;;;;;;;;;
TMT_colonial_company_4;Tahichi-To;;;;;;;;;;;;;
PER_colonial_company;Persia;;;;;;;;;;;;;
PER_colonial_company_2;Perse;;;;;;;;;;;;;
PER_colonial_company_3;Persien;;;;;;;;;;;;;
PER_colonial_company_4;Persiya;;;;;;;;;;;;;
KDS_colonial_company;Protectorate of Kurdistan;;;;;;;;;;;;;
KDS_colonial_company_2;État de Mossoul;;;;;;;;;;;;;
KDS_colonial_company_3;Protektorat Kurdistan;;;;;;;;;;;;;
PHL_colonial_company;Commonwealth of the Philippines;;;;;;;;;;;;;
PHL_colonial_company_2;Dominion des Philippines;;;;;;;;;;;;;
PHL_colonial_company_3;Philippinen;;;;;;;;;;;;;
PHL_colonial_company_4;Hiripin Sotokufu;;;;;;;;;;;;;
TAI_colonial_company;Protectorate of Formosa;;;;;;;;;;;;;
TAI_colonial_company_2;Protectorat de Formose;;;;;;;;;;;;;
TAI_colonial_company_3;Protektorat Formosa;;;;;;;;;;;;;
TAI_colonial_company_4;Takasago Sotokufu;;;;;;;;;;;;;
INO_colonial_company;East Indies Federation;;;;;;;;;;;;;
INO_colonial_company_2;Union Indonésienne;;;;;;;;;;;;;
INO_colonial_company_3;Indonesien;;;;;;;;;;;;;
INO_colonial_company_4;Indonishia;;;;;;;;;;;;;
MLY_colonial_company;Federated Malay States;;;;;;;;;;;;;
MLY_colonial_company_2;Union Malaisienne;;;;;;;;;;;;;
MLY_colonial_company_3;Malaysien;;;;;;;;;;;;;
MLY_colonial_company_4;Marai;;;;;;;;;;;;;
PPG_colonial_company;Papua New Guinea;;;;;;;;;;;;;
PPG_colonial_company_2;Nouvelle-Guinée;;;;;;;;;;;;;
PPG_colonial_company_3;Neuguinea;;;;;;;;;;;;;
PPG_colonial_company_4;Papua Nyugini-To;;;;;;;;;;;;;
BNG_colonial_company;Bengal Presidency;;;;;;;;;;;;;
BNG_colonial_company_2;Protectorat de Bengale;;;;;;;;;;;;;
BNG_colonial_company_3;Deutsch-Bengalen;;;;;;;;;;;;;
BYE_colonial_company;Belorussiya;;;;;;;;;;;;;
UKR_colonial_company;Malorossiya;;;;;;;;;;;;;
ZUL_colonial_company;Zululand;;;;;;;;;;;;;
XHO_colonial_company;Kaffraria;;;;;;;;;;;;;
KAM_colonial_company_4;Kamusasuka;;;;;;;;;;;;;
TNT_colonial_company_3;Tsuba Jichi-Ku;;;;;;;;;;;;;
SZC_colonial_company_3;Shisen Jichi-Seifu;;;;;;;;;;;;;
BRY_colonial_company_4;Buriyato Jichi-Ku;;;;;;;;;;;;;
GIZ_colonial_company_4;Kishu Jichi-Seifu;;;;;;;;;;;;;
GXI_colonial_company_4;Kosei Jichi-Seifu;;;;;;;;;;;;;
HNN_colonial_company_4;Konan Jichi-Seifu;;;;;;;;;;;;;
HUI_colonial_company_4;Anki Jichi-Seifu;;;;;;;;;;;;;
QNG_colonial_company_4;Dai-Shin Tokanfu;;;;;;;;;;;;;
TPG_colonial_company_4;Taihei Tengoku;;;;;;;;;;;;;
XBI_colonial_company_4;Seihoku Chiho;;;;;;;;;;;;;
XIN_colonial_company_4;Shinkyo Jichi-Seifu;;;;;;;;;;;;;
YAK_colonial_company_4;Yakuto Jichi-Ku;;;;;;;;;;;;;
GRE_colonial_company_4;Regno di Grecia;;;;;;;;;;;;;
FIN_colonial_company_4;Hertigdömet Finland;;;;;;;;;;;;;
KRL_colonial_company_3;Hertigdömet Karelen;;;;;;;;;;;;;
KHI_colonial_company_4;Khivinskoye Khanstvo;;;;;;;;;;;;;
BUK_colonial_company_4;Bukharskiy Emirat;;;;;;;;;;;;;
CLC_colonial_company;Cilicia;;;;;;;;;;;;;
CLC_colonial_company_2;Cilicie;;;;;;;;;;;;;
CLC_colonial_company_3;Kilikien;;;;;;;;;;;;;
CLC_colonial_company_4;Cilicia;;;;;;;;;;;;;
INL_colonial_company;The United Indian Tribes;;;;;;;;;;;;;
CHE_colonial_company;The Cherokee Protectorate;;;;;;;;;;;;;
MTC_colonial_company;The Metis Protectorate;;;;;;;;;;;;;
BLK_colonial_company;The Blackfoot Protectorate;;;;;;;;;;;;;
CRW_colonial_company;The Absaroka Protectorate;;;;;;;;;;;;;
PAW_colonial_company;The Pawnee Protectorate;;;;;;;;;;;;;
UNB_colonial_company;The Dominion of Colorado;;;;;;;;;;;;;
COM_colonial_company;The Comanche Protectorate;;;;;;;;;;;;;
DES_colonial_company;The Union of Deseret;;;;;;;;;;;;;
YAN_colonial_company;The Yaqui Protectorate;;;;;;;;;;;;;
ROM_colonial_company_4;Rumyniya;;;;;;;;;;;;;
WAL_colonial_company_4;Valakhiya;;;;;;;;;;;;;
MOL_colonial_company_4;Moldaviya;;;;;;;;;;;;;
SIE_colonial_company_4;Transilvaniya;;;;;;;;;;;;;
